engine_id,remaining_useful_life,dataset_id,processed_at
1,112,FD001,2026-09-03 16:22:47.483571
2,98,FD001,2026-09-03 16:22:47.483571
3,69,FD001,2026-09-03 16:22:47.483571
4,82,FD001,2026-09-03 16:22:47.483571
5,91,FD001,2026-09-03 16:22:47.483571
6,93,FD001,2026-09-03 16:22:47.483571
7,91,FD001,2026-09-03 16:22:47.483571
8,95,FD001,2026-09-03 16:22:47.483571
9,111,FD001,2026-09-03 16:22:47.483571
10,96,FD001,2026-09-03 16:22:47.483571
11,97,FD001,2026-09-03 16:22:47.483571
12,124,FD001,2026-09-03 16:22:47.483571
13,95,FD001,2026-09-03 16:22:47.483571
14,107,FD001,2026-09-03 16:22:47.483571
15,83,FD001,2026-09-03 16:22:47.483571
16,84,FD001,2026-09-03 16:22:47.483571
17,50,FD001,2026-09-03 16:22:47.483571
18,28,FD001,2026-09-03 16:22:47.483571
19,87,FD001,2026-09-03 16:22:47.483571
20,16,FD001,2026-09-03 16:22:47.483571
21,57,FD001,2026-09-03 16:22:47.483571
22,111,FD001,2026-09-03 16:22:47.483571
23,113,FD001,2026-09-03 16:22:47.483571
24,20,FD001,2026-09-03 16:22:47.483571
25,145,FD001,2026-09-03 16:22:47.483571
26,119,FD001,2026-09-03 16:22:47.483571
27,66,FD001,2026-09-03 16:22:47.483571
28,97,FD001,2026-09-03 16:22:47.483571
29,90,FD001,2026-09-03 16:22:47.483571
30,115,FD001,2026-09-03 16:22:47.483571
31,8,FD001,2026-09-03 16:22:47.483571
32,48,FD001,2026-09-03 16:22:47.483571
33,106,FD001,2026-09-03 16:22:47.483571
34,7,FD001,2026-09-03 16:22:47.483571
35,11,FD001,2026-09-03 16:22:47.483571
36,19,FD001,2026-09-03 16:22:47.483571
37,21,FD001,2026-09-03 16:22:47.483571
38,50,FD001,2026-09-03 16:22:47.483571
39,142,FD001,2026-09-03 16:22:47.483571
40,28,FD001,2026-09-03 16:22:47.483571
41,18,FD001,2026-09-03 16:22:47.483571
42,10,FD001,2026-09-03 16:22:47.483571
43,59,FD001,2026-09-03 16:22:47.483571
44,109,FD001,2026-09-03 16:22:47.483571
45,114,FD001,2026-09-03 16:22:47.483571
46,47,FD001,2026-09-03 16:22:47.483571
47,135,FD001,2026-09-03 16:22:47.483571
48,92,FD001,2026-09-03 16:22:47.483571
49,21,FD001,2026-09-03 16:22:47.483571
50,79,FD001,2026-09-03 16:22:47.483571
51,114,FD001,2026-09-03 16:22:47.483571
52,29,FD001,2026-09-03 16:22:47.483571
53,26,FD001,2026-09-03 16:22:47.483571
54,97,FD001,2026-09-03 16:22:47.483571
55,137,FD001,2026-09-03 16:22:47.483571
56,15,FD001,2026-09-03 16:22:47.483571
57,103,FD001,2026-09-03 16:22:47.483571
58,37,FD001,2026-09-03 16:22:47.483571
59,114,FD001,2026-09-03 16:22:47.483571
60,100,FD001,2026-09-03 16:22:47.483571
61,21,FD001,2026-09-03 16:22:47.483571
62,54,FD001,2026-09-03 16:22:47.483571
63,72,FD001,2026-09-03 16:22:47.483571
64,28,FD001,2026-09-03 16:22:47.483571
65,128,FD001,2026-09-03 16:22:47.483571
66,14,FD001,2026-09-03 16:22:47.483571
67,77,FD001,2026-09-03 16:22:47.483571
68,8,FD001,2026-09-03 16:22:47.483571
69,121,FD001,2026-09-03 16:22:47.483571
70,94,FD001,2026-09-03 16:22:47.483571
71,118,FD001,2026-09-03 16:22:47.483571
72,50,FD001,2026-09-03 16:22:47.483571
73,131,FD001,2026-09-03 16:22:47.483571
74,126,FD001,2026-09-03 16:22:47.483571
75,113,FD001,2026-09-03 16:22:47.483571
76,10,FD001,2026-09-03 16:22:47.483571
77,34,FD001,2026-09-03 16:22:47.483571
78,107,FD001,2026-09-03 16:22:47.483571
79,63,FD001,2026-09-03 16:22:47.483571
80,90,FD001,2026-09-03 16:22:47.483571
81,8,FD001,2026-09-03 16:22:47.483571
82,9,FD001,2026-09-03 16:22:47.483571
83,137,FD001,2026-09-03 16:22:47.483571
84,58,FD001,2026-09-03 16:22:47.483571
85,118,FD001,2026-09-03 16:22:47.483571
86,89,FD001,2026-09-03 16:22:47.483571
87,116,FD001,2026-09-03 16:22:47.483571
88,115,FD001,2026-09-03 16:22:47.483571
89,136,FD001,2026-09-03 16:22:47.483571
90,28,FD001,2026-09-03 16:22:47.483571
91,38,FD001,2026-09-03 16:22:47.483571
92,20,FD001,2026-09-03 16:22:47.483571
93,85,FD001,2026-09-03 16:22:47.483571
94,55,FD001,2026-09-03 16:22:47.483571
95,128,FD001,2026-09-03 16:22:47.483571
96,137,FD001,2026-09-03 16:22:47.483571
97,82,FD001,2026-09-03 16:22:47.483571
98,59,FD001,2026-09-03 16:22:47.483571
99,117,FD001,2026-09-03 16:22:47.483571
100,20,FD001,2026-09-03 16:22:47.483571
